Nombre, Ruta, Carpeta 
Collar grueso para perro, GPS\Collar grueso para perro.jpg, GPS 
gpsazul, GPS\gpsazul.jpg, GPS 
gpsmorado, GPS\gpsmorado.jpg, GPS 
gpsnaranja, GPS\gpsnaranja.jpg, GPS 
gpsnegro, GPS\gpsnegro.jpg, GPS 
gpsrojo, GPS\gpsrojo.jpg, GPS 
gpsrosa, GPS\gpsrosa.jpg, GPS 
huesobambu, Juguetes\huesobambu.jpg, Juguetes 
juguetehueso, Juguetes\juguetehueso.jpg, Juguetes 
juguetenaranja, Juguetes\juguetenaranja.jpg, Juguetes 
juguetepescado, Juguetes\juguetepescado.jpg, Juguetes 
juguetesoga, Juguetes\juguetesoga.jpg, Juguetes 
pelotaazul, Juguetes\pelotaazul.jpg, Juguetes 
camaperros, Otros\camaperros.jpg, Otros 
casarosa, Otros\casarosa.jpg, Otros 
comidaadultos, Otros\comidaadultos.jpg, Otros 
comidacachorros, Otros\comidacachorros.jpg, Otros 
platoazul, Otros\platoazul.jpg, Otros 
platoblanco, Otros\platoblanco.jpg, Otros 
platonegro, Otros\platonegro.jpg, Otros 
platorosa, Otros\platorosa.jpg, Otros 
platoverde, Otros\platoverde.jpg, Otros 
Placa para mascota, Otros\Placa para mascota.jpeg, Otros 
Arnes para perro, Pecheras\Arnes para perro.jpg, Pecheras 
pecheraamarilla, Pecheras\pecheraamarilla.jpg, Pecheras 
pecheraazul, Pecheras\pecheraazul.jpg, Pecheras 
pecheracaqui, Pecheras\pecheracaqui.jpg, Pecheras 
pecheramorada, Pecheras\pecheramorada.jpg, Pecheras 
pecheramoradaverde, Pecheras\pecheramoradaverde.jpg, Pecheras 
pecheranaranja, Pecheras\pecheranaranja.jpg, Pecheras 
pecheranegra, Pecheras\pecheranegra.jpg, Pecheras 
pecherarosa, Pecheras\pecherarosa.jpg, Pecheras 
pecheraverdemilitar, Pecheras\pecheraverdemilitar.jpg, Pecheras 
Arnes para gato, Pecheras\Arnes para gato.jpeg, Pecheras 
Collar con campana para gato, Pecheras\Collar con campana para gato.jpeg, Pecheras 
camisaplaya, Ropa\camisaplaya.jpg, Ropa 
chuckyperro, Ropa\chuckyperro.jpg, Ropa 
disfrazhotdog, Ropa\disfrazhotdog.jpg, Ropa 
pijamadevaca, Ropa\pijamadevaca.jpg, Ropa 
pijamanavidad, Ropa\pijamanavidad.jpg, Ropa 
pijamaperro, Ropa\pijamaperro.jpg, Ropa 
smokinperro, Ropa\smokinperro.jpg, Ropa 
sueterperro, Ropa\sueterperro.jpg, Ropa 
